Code,EngName,ArbName,Ledger Types,AllowAccountEntry,CatCode,CatEngName,CatArbName,Level,,Level = 1,Level = 2,Level = 3,Level = 4,Level = 5
100000000000,الاصول,الاصول,1,0,11,الموجودات,الموجودات,1,,,,,,
101000000000,الاصول المتداولة,الاصول المتداولة,1,0,111,الموجودات المتداولة,الموجودات المتداولة,2,,,,,,
101010000000,نقدية بالصندوق,نقدية بالصندوق,,0,1111,نقدية في الصندوق ولدى البنوك,نقدية في الصندوق ولدى البنوك,3,,,,,,
101010010000,نقدية بالصندوق,نقدية بالصندوق,1,0,1111,نقدية في الصندوق ولدى البنوك,نقدية في الصندوق ولدى البنوك,4,,,,,,
101010010010,الصندوق,الصندوق,1,1,1111,نقدية في الصندوق ولدى البنوك,نقدية في الصندوق ولدى البنوك,5,,,,,,
101020000000,نقدية بالبنوك,نقدية بالبنوك,,0,1111,نقدية في الصندوق ولدى البنوك,نقدية في الصندوق ولدى البنوك,3,,,,,,
101020010000,نقدية بالبنوك,نقدية بالبنوك,1,0,1111,نقدية في الصندوق ولدى البنوك,نقدية في الصندوق ولدى البنوك,4,,,,,,
101020010010,بنك البلاد ,بنك البلاد ,1,1,1111,نقدية في الصندوق ولدى البنوك,نقدية في الصندوق ولدى البنوك,5,,,,,,
101030000000,شبكة,شبكة,,0,1111,نقدية في الصندوق ولدى البنوك,نقدية في الصندوق ولدى البنوك,3,,,,,,
101030010000,شبكة,شبكة,1,0,1111,نقدية في الصندوق ولدى البنوك,نقدية في الصندوق ولدى البنوك,4,,,,,,
101040000000,اوراق قبض وشيكات تحت التحصيل,اوراق قبض وشيكات تحت التحصيل,,0,1111,نقدية في الصندوق ولدى البنوك,نقدية في الصندوق ولدى البنوك,3,,,,,,
101040010000,اوراق قبض وشيكات تحت التحصيل,اوراق قبض وشيكات تحت التحصيل,1,0,1111,نقدية في الصندوق ولدى البنوك,نقدية في الصندوق ولدى البنوك,4,,,,,,
101040010010,اوراق قيض,اوراق قيض,1,1,1111,نقدية في الصندوق ولدى البنوك,نقدية في الصندوق ولدى البنوك,5,,,,,,
101040010020,شيكات تحت التحصيل,شيكات تحت التحصيل,1,1,1111,نقدية في الصندوق ولدى البنوك,نقدية في الصندوق ولدى البنوك,5,,,,,,
101040010030,شيكات مرتدة,شيكات مرتدة,1,1,1111,نقدية في الصندوق ولدى البنوك,نقدية في الصندوق ولدى البنوك,5,,,,,,
101050000000,حسابات مدينة اخرى,حسابات مدينة اخرى,,0,1115,مدفوعات مقدمة وأرصدة مدينة أخرى,مدفوعات مقدمة وأرصدة مدينة أخرى,3,,,,,,
101050010000,عهد عاملين,عهد عاملين,1,0,1115,مدفوعات مقدمة وأرصدة مدينة أخرى,مدفوعات مقدمة وأرصدة مدينة أخرى,4,,,,,,
101050010020,حسابات مدينة تحت التسوية(عهدة),حسابات مدينة تحت التسوية(عهدة),1,1,1115,مدفوعات مقدمة وأرصدة مدينة أخرى,مدفوعات مقدمة وأرصدة مدينة أخرى,5,,,,,,
101050020000,سلف عاملين,سلف عاملين,1,0,1115,مدفوعات مقدمة وأرصدة مدينة أخرى,مدفوعات مقدمة وأرصدة مدينة أخرى,4,,,,,,
101050020010,سلف عاملين,سلف عاملين,1,1,1115,مدفوعات مقدمة وأرصدة مدينة أخرى,مدفوعات مقدمة وأرصدة مدينة أخرى,5,,,,,,
101050030000,مدينون متنوعون,مدينون متنوعون,1,0,1115,مدفوعات مقدمة وأرصدة مدينة أخرى,مدفوعات مقدمة وأرصدة مدينة أخرى,4,,,,,,
101050040000,ايجارات مقدمة,ايجارات مقدمة,1,0,1115,مدفوعات مقدمة وأرصدة مدينة أخرى,مدفوعات مقدمة وأرصدة مدينة أخرى,4,,,,,,
101050040010,ايجارات مقدمة,ايجارات مقدمة,1,1,1115,مدفوعات مقدمة وأرصدة مدينة أخرى,مدفوعات مقدمة وأرصدة مدينة أخرى,5,,,,,,
101050050000,موردين دفعات مقدمة,موردين دفعات مقدمة,1,0,1115,مدفوعات مقدمة وأرصدة مدينة أخرى,مدفوعات مقدمة وأرصدة مدينة أخرى,4,,,,,,
101050050010,موردين دفعات مقدمة,موردين دفعات مقدمة,1,1,1115,مدفوعات مقدمة وأرصدة مدينة أخرى,مدفوعات مقدمة وأرصدة مدينة أخرى,5,,,,,,
101050060000,تامينات لدى الغير,تامينات لدى الغير,1,0,1115,مدفوعات مقدمة وأرصدة مدينة أخرى,مدفوعات مقدمة وأرصدة مدينة أخرى,4,,,,,,
101050060010,تامينات لدى الغير,تامينات لدى الغير,1,1,1115,مدفوعات مقدمة وأرصدة مدينة أخرى,مدفوعات مقدمة وأرصدة مدينة أخرى,5,,,,,,
101050070000,ايرادات مستحقة,ايرادات مستحقة,1,0,1115,مدفوعات مقدمة وأرصدة مدينة أخرى,مدفوعات مقدمة وأرصدة مدينة أخرى,4,,,,,,
101050070010,رسوم تسجيل مستحقة,رسوم تسجيل مستحقة,1,1,1115,مدفوعات مقدمة وأرصدة مدينة أخرى,مدفوعات مقدمة وأرصدة مدينة أخرى,5,,,,,,
101050070020,رسوم دراسية مستحقة,رسوم دراسية مستحقة,1,1,1115,مدفوعات مقدمة وأرصدة مدينة أخرى,مدفوعات مقدمة وأرصدة مدينة أخرى,5,,,,,,
101050070030,رسوم اخري مستحقة,رسوم اخري مستحقة,1,1,1115,مدفوعات مقدمة وأرصدة مدينة أخرى,مدفوعات مقدمة وأرصدة مدينة أخرى,5,,,,,,
101050080000,اعتمادات مستندية ,اعتمادات مستندية ,1,0,1115,مدفوعات مقدمة وأرصدة مدينة أخرى,مدفوعات مقدمة وأرصدة مدينة أخرى,4,,,,,,
101050080010,اعتمادات مستندية ,اعتمادات مستندية ,1,1,1115,مدفوعات مقدمة وأرصدة مدينة أخرى,مدفوعات مقدمة وأرصدة مدينة أخرى,5,,,,,,
101050090000,ضريبة المدخلات,ضريبة المدخلات,1,0,1115,مدفوعات مقدمة وأرصدة مدينة أخرى,مدفوعات مقدمة وأرصدة مدينة أخرى,4,,,,,,
101050090010,ضريبة المدخلات,ضريبة المدخلات,1,1,1115,مدفوعات مقدمة وأرصدة مدينة أخرى,مدفوعات مقدمة وأرصدة مدينة أخرى,5,,,,,,
101060000000,المخزون,المخزون,,0,1114,مخزون اخر المدة,مخزون اخر المدة,3,,,,,,
101060010000,المخازن الرئيسية,المخازن الرئيسية,1,0,1114,مخزون اخر المدة,مخزون اخر المدة,4,,,,,,
101060020000,المخازن الفرعية - داخلى,المخازن الفرعية - داخلى,1,0,1114,مخزون اخر المدة,مخزون اخر المدة,4,,,,,,
101070000000,العملاء,العملاء,,0,1112,مدينون تجاريون,مدينون تجاريون,3,,,,,,
101070010000,عملاء تعاقد مباشر,عملاء تعاقد مباشر,1,0,1112,مدينون تجاريون,مدينون تجاريون,4,,,,,,
101070020000,شركات التأمين ( التعاقدات الغير مباشره ),شركات التأمين ( التعاقدات الغير مباشره ),1,0,1112,مدينون تجاريون,مدينون تجاريون,4,,,,,,
101070030000,عملاء تعاقد نقدى ,عملاء تعاقد نقدى ,1,0,1112,مدينون تجاريون,مدينون تجاريون,4,,,,,,
101080000000,المؤسسات الشقيقة ,المؤسسات الشقيقة ,,0,1123,المستحق من جهات ذات علاقة,المستحق من جهات ذات علاقة,3,,,,,,
101080010000,المؤسسات الشقيقة ,المؤسسات الشقيقة ,1,0,1123,المستحق من جهات ذات علاقة,المستحق من جهات ذات علاقة,4,,,,,,
101090000000,اطراف ذات علاقة - خاصة,اطراف ذات علاقة - خاصة,,0,1123,المستحق من جهات ذات علاقة,المستحق من جهات ذات علاقة,3,,,,,,
102000000000,الاصول الثابتة,الاصول الثابتة,1,0,1121,صافي الموجودات الثابتة,صافي الموجودات الثابتة,2,,,,,,
102010000000,الأصول الثابتة ,الأصول الثابتة ,,0,1121,صافي الموجودات الثابتة,صافي الموجودات الثابتة,3,,,,,,
102010010000,اراضى,اراضى,1,0,1121,صافي الموجودات الثابتة,صافي الموجودات الثابتة,4,,,,,,
102010010010,اراضى,اراضى,1,1,1121,صافي الموجودات الثابتة,صافي الموجودات الثابتة,5,,,,,,
102010020000,مبانى وانشاءات,مبانى وانشاءات,,0,1121,صافي الموجودات الثابتة,صافي الموجودات الثابتة,4,,,,,,
102010020010,مبانى وانشاءات,مبانى وانشاءات,1,1,1121,صافي الموجودات الثابتة,صافي الموجودات الثابتة,5,,,,,,
102010030000,اثاث ومفروشات -  ,اثاث ومفروشات -  ,,0,1121,صافي الموجودات الثابتة,صافي الموجودات الثابتة,4,,,,,,
102010030010,اثاث ومفروشات -  ,اثاث ومفروشات -  ,1,1,1121,صافي الموجودات الثابتة,صافي الموجودات الثابتة,5,,,,,,
102010030020,تركيبات وديكورات,تركيبات وديكورات,1,1,1121,صافي الموجودات الثابتة,صافي الموجودات الثابتة,5,,,,,,
102010040000,سيارات ووسائل نقل,سيارات ووسائل نقل,1,0,1121,صافي الموجودات الثابتة,صافي الموجودات الثابتة,4,,,,,,
102010040010,سيارات,سيارات,1,1,1121,صافي الموجودات الثابتة,صافي الموجودات الثابتة,5,,,,,,
102010050000,أجهزة الكترونية وكمبيوتر ,أجهزة الكترونية وكمبيوتر ,1,0,1121,صافي الموجودات الثابتة,صافي الموجودات الثابتة,4,,,,,,
102010050010,اجهزة الكترونية وحاسب الى ,اجهزة الكترونية وحاسب الى ,1,1,1121,صافي الموجودات الثابتة,صافي الموجودات الثابتة,5,,,,,,
102010050020,برامج حاسب الى ,برامج حاسب الى ,1,1,1121,صافي الموجودات الثابتة,صافي الموجودات الثابتة,5,,,,,,
102010050030,شبكة السنترال والهواتف,شبكة السنترال والهواتف,1,1,1121,صافي الموجودات الثابتة,صافي الموجودات الثابتة,5,,,,,,
102010050040,اجهزة حريق وكاميرات مراقبة,اجهزة حريق وكاميرات مراقبة,1,1,1121,صافي الموجودات الثابتة,صافي الموجودات الثابتة,5,,,,,,
102010060000,اجهزة تعليمية واثاث ,اجهزة تعليمية واثاث ,1,0,1121,صافي الموجودات الثابتة,صافي الموجودات الثابتة,4,,,,,,
102010060020,اثاث للتعليم,اثاث للتعليم,1,1,1121,صافي الموجودات الثابتة,صافي الموجودات الثابتة,5,,,,,,
102010060030,عدد و الات ومعدات مخصصة للتعليم,عدد و الات ومعدات مخصصة للتعليم,1,1,1121,صافي الموجودات الثابتة,صافي الموجودات الثابتة,5,,,,,,
102010070000,اجهزة كهربائية ,اجهزة كهربائية ,1,0,1121,صافي الموجودات الثابتة,صافي الموجودات الثابتة,4,,,,,,
102010070010,اجهزة  كهربائية,اجهزة  كهربائية,1,1,1121,صافي الموجودات الثابتة,صافي الموجودات الثابتة,5,,,,,,
102010070020,اجهزة التكييف ,اجهزة التكييف ,1,1,1121,صافي الموجودات الثابتة,صافي الموجودات الثابتة,5,,,,,,
102010080000,عدد وادوات ومعدات عامة,عدد وادوات ومعدات عامة,1,0,1121,صافي الموجودات الثابتة,صافي الموجودات الثابتة,4,,,,,,
102010080010,معدات نظافة ,معدات نظافة ,1,1,1121,صافي الموجودات الثابتة,صافي الموجودات الثابتة,5,,,,,,
102010080020,ادوات ومعدات مكتبية,ادوات ومعدات مكتبية,1,1,1121,صافي الموجودات الثابتة,صافي الموجودات الثابتة,5,,,,,,
102020000000,الأصول الثابتة - سكن الموظفين,الأصول الثابتة - سكن الموظفين,,0,1121,صافي الموجودات الثابتة,صافي الموجودات الثابتة,3,,,,,,
102020010000,الأصول الثابتة - سكن الموظفين,الأصول الثابتة - سكن الموظفين,1,0,1121,صافي الموجودات الثابتة,صافي الموجودات الثابتة,4,,,,,,
102020010010,أجهزة كهربائية - سكن موظفبن,أجهزة كهربائية - سكن موظفبن,1,1,1121,صافي الموجودات الثابتة,صافي الموجودات الثابتة,5,,,,,,
102020010020,أثاث ومفروشات - سكن موظفين,أثاث ومفروشات - سكن موظفين,1,1,1121,صافي الموجودات الثابتة,صافي الموجودات الثابتة,5,,,,,,
102020010030,اجهزة التكييف - سكن الموظفين,اجهزة التكييف - سكن الموظفين,1,1,1121,صافي الموجودات الثابتة,صافي الموجودات الثابتة,5,,,,,,
102999999990,Fixed Assets Clearing Account,اصول ثابتة غير مشغلة,1,1,1121,صافي الموجودات الثابتة,صافي الموجودات الثابتة,5,,,,,,
103000000000,اصول اخرى طويلة الاجل,اصول اخرى طويلة الاجل,1,0,1121,صافي الموجودات الثابتة,صافي الموجودات الثابتة,2,,,,,,
103010000000,اصول اخرى طويلة الاجل,اصول اخرى طويلة الاجل,,0,1121,صافي الموجودات الثابتة,صافي الموجودات الثابتة,3,,,,,,
103010010000,اصول اخرى طويلة الاجل,اصول اخرى طويلة الاجل,1,0,1121,صافي الموجودات الثابتة,صافي الموجودات الثابتة,4,,,,,,
103010010010,حملات ودعاية اعلانيه,حملات ودعاية اعلانيه,1,1,1121,صافي الموجودات الثابتة,صافي الموجودات الثابتة,5,,,,,,
103010010020,مصروفات تأسيس,مصروفات تأسيس,1,1,1121,صافي الموجودات الثابتة,صافي الموجودات الثابتة,5,,,,,,
103010010030,قروض شركات شقيقه / تابعة / جهات اخرى,قروض شركات شقيقه / تابعة / جهات اخرى,1,1,1121,صافي الموجودات الثابتة,صافي الموجودات الثابتة,5,,,,,,
103010010040,مصروفات ايرادية مؤجلة,مصروفات ايرادية مؤجلة,1,1,1121,صافي الموجودات الثابتة,صافي الموجودات الثابتة,5,,,,,,
104000000000,مشروعات تحت التنفيذ,مشروعات تحت التنفيذ,1,0,1121,صافي الموجودات الثابتة,صافي الموجودات الثابتة,2,,,,,,
104010000000,مشروعات تحت التنفيذ,مشروعات تحت التنفيذ,,0,1121,صافي الموجودات الثابتة,صافي الموجودات الثابتة,3,,,,,,
104010010000,مشروعات تحت التنفيذ,مشروعات تحت التنفيذ,1,0,1121,صافي الموجودات الثابتة,صافي الموجودات الثابتة,4,,,,,,
104010010010,مشروعات تحت التنفيذ,مشروعات تحت التنفيذ,1,1,1121,صافي الموجودات الثابتة,صافي الموجودات الثابتة,5,,,,,,
200000000000,الخصوم,الخصوم,2,0,12,المطلوبات وحقوق الملكية,المطلوبات وحقوق الملكية,1,,,,,,
201000000000,الخصوم طويلة الاجل,الخصوم طويلة الاجل,2,0,1221,قرض طويل الأجل,قرض طويل الأجل,2,,,,,,
201010000000,قروض طويلة الاجل,قروض طويلة الاجل,,0,1221,قرض طويل الأجل,قرض طويل الأجل,3,,,,,,
201010010000,قروض طويلة الاجل,قروض طويلة الاجل,2,0,1221,قرض طويل الأجل,قرض طويل الأجل,4,,,,,,
201010010010,قرض ,قرض ,2,1,1221,قرض طويل الأجل,قرض طويل الأجل,5,,,,,,
202000000000,الخصوم المتداولة,الخصوم المتداولة,2,0,121,المطلوبات المتداولة,المطلوبات المتداولة,2,,,,,,
202010000000,الموردين,الموردين,,0,1212,دائنون تجاريون,دائنون تجاريون,3,,,,,,
202010010000,الموردين داخليين,الموردين داخليين,2,0,1212,دائنون تجاريون,دائنون تجاريون,4,,,,,,
202010020000,الموردين خارجيين,الموردين خارجيين,2,0,1212,دائنون تجاريون,دائنون تجاريون,4,,,,,,
202010020020,موردو مستلزمات,موردو مستلزمات,2,1,1212,دائنون تجاريون,دائنون تجاريون,5,,,,,,
202010020030,موردو اكسسوارات ,موردو اكسسوارات ,2,1,1212,دائنون تجاريون,دائنون تجاريون,5,,,,,,
202020000000,ذمم دائنة اخرى,ذمم دائنة اخرى,,0,1213,مصروفات مستحقة وأرصدة دائنة أخرى,مصروفات مستحقة وأرصدة دائنة أخرى,3,,,,,,
202020010000,تأمينات مرضى,تأمينات مرضى,2,0,1213,مصروفات مستحقة وأرصدة دائنة أخرى,مصروفات مستحقة وأرصدة دائنة أخرى,4,,,,,,
202020010010,دفعات مقدمه ( عملاء),دفعات مقدمه ( عملاء),2,1,1213,مصروفات مستحقة وأرصدة دائنة أخرى,مصروفات مستحقة وأرصدة دائنة أخرى,5,,,,,,
202020010020,ايرادات مدفوعه مقدما ,ايرادات مدفوعه مقدما ,2,1,1213,مصروفات مستحقة وأرصدة دائنة أخرى,مصروفات مستحقة وأرصدة دائنة أخرى,5,,,,,,
202020020000,مصروفات مستحقة,مصروفات مستحقة,2,0,1213,مصروفات مستحقة وأرصدة دائنة أخرى,مصروفات مستحقة وأرصدة دائنة أخرى,4,,,,,,
202020020010,ايجارات مستحقة,ايجارات مستحقة,2,1,1213,مصروفات مستحقة وأرصدة دائنة أخرى,مصروفات مستحقة وأرصدة دائنة أخرى,5,,,,,,
202020020020,رواتب وأجور مستحقة,رواتب وأجور مستحقة,2,1,1213,مصروفات مستحقة وأرصدة دائنة أخرى,مصروفات مستحقة وأرصدة دائنة أخرى,5,,,,,,
202020020030,أتعاب مراجعة مستحقة,أتعاب مراجعة مستحقة,2,1,1213,مصروفات مستحقة وأرصدة دائنة أخرى,مصروفات مستحقة وأرصدة دائنة أخرى,5,,,,,,
202020020040,بدل اجازة مستحقة,بدل اجازة مستحقة,2,1,1213,مصروفات مستحقة وأرصدة دائنة أخرى,مصروفات مستحقة وأرصدة دائنة أخرى,5,,,,,,
202020020050,اجور اضافية مستحقة,اجور اضافية مستحقة,2,1,1213,مصروفات مستحقة وأرصدة دائنة أخرى,مصروفات مستحقة وأرصدة دائنة أخرى,5,,,,,,
202020020060,بدل تذاكر سفر مستحق ,بدل تذاكر سفر مستحق ,2,1,1213,مصروفات مستحقة وأرصدة دائنة أخرى,مصروفات مستحقة وأرصدة دائنة أخرى,5,,,,,,
202020020070,مكافأت نهاية خدمة مستحقة ,مكافأت نهاية خدمة مستحقة ,2,1,1213,مصروفات مستحقة وأرصدة دائنة أخرى,مصروفات مستحقة وأرصدة دائنة أخرى,5,,,,,,
202020020080,كهرباء ومياة مستحقة ,كهرباء ومياة مستحقة ,2,1,1213,مصروفات مستحقة وأرصدة دائنة أخرى,مصروفات مستحقة وأرصدة دائنة أخرى,5,,,,,,
202020020090,برق وبريد وهاتف مستحقة ,برق وبريد وهاتف مستحقة ,2,1,1213,مصروفات مستحقة وأرصدة دائنة أخرى,مصروفات مستحقة وأرصدة دائنة أخرى,5,,,,,,
202020020100,مصروفات تعقيب وجوزات مستحقة ,مصروفات تعقيب وجوزات مستحقة ,2,1,1213,مصروفات مستحقة وأرصدة دائنة أخرى,مصروفات مستحقة وأرصدة دائنة أخرى,5,,,,,,
202020020110,تأمينات اجتماعية - مستحقة ,تأمينات اجتماعية - مستحقة ,2,1,1213,مصروفات مستحقة وأرصدة دائنة أخرى,مصروفات مستحقة وأرصدة دائنة أخرى,5,,,,,,
202020020120,مصاريف صيانة مستحقة ,مصاريف صيانة مستحقة ,2,1,1213,مصروفات مستحقة وأرصدة دائنة أخرى,مصروفات مستحقة وأرصدة دائنة أخرى,5,,,,,,
202030000000,المخصصات,المخصصات,,0,121,المطلوبات المتداولة,المطلوبات المتداولة,3,,,,,,
202030010000,مخصص اهلاك الأصول الثابتة ,مخصص اهلاك الأصول الثابتة ,2,0,1121,صافي الموجودات الثابتة,صافي الموجودات الثابتة,4,,,,,,
202030010010,مخصص اهلاك اثاث ومفروشات,مخصص اهلاك اثاث ومفروشات,2,1,1121,صافي الموجودات الثابتة,صافي الموجودات الثابتة,5,,,,,,
202030010020,مخصص اهلاك السيارات,مخصص اهلاك السيارات,2,1,1121,صافي الموجودات الثابتة,صافي الموجودات الثابتة,5,,,,,,
202030010030,مخصص اهلاك اجهزة الكترونية وكمبيوتر,مخصص اهلاك اجهزة الكترونية وكمبيوتر,2,1,1121,صافي الموجودات الثابتة,صافي الموجودات الثابتة,5,,,,,,
202030010040,مخصص اهلاك اجهزة حريق وكاميرات مراقبة,مخصص اهلاك اجهزة حريق وكاميرات مراقبة,2,1,1121,صافي الموجودات الثابتة,صافي الموجودات الثابتة,5,,,,,,
202030010050,مخصص اهلاك شبكة السنترال والهواتف,مخصص اهلاك شبكة السنترال والهواتف,2,1,1121,صافي الموجودات الثابتة,صافي الموجودات الثابتة,5,,,,,,
202030010060,مخصص اهلاك  تركيبات وديكورات,مخصص اهلاك  تركيبات وديكورات,2,1,1121,صافي الموجودات الثابتة,صافي الموجودات الثابتة,5,,,,,,
202030010070,مخصص اهلاك اجهزة تعليمية,مخصص اهلاك اجهزة تعليمية,2,1,1121,صافي الموجودات الثابتة,صافي الموجودات الثابتة,5,,,,,,
202030010080,مخصص اهلاك  اثاث مخصص للتعليم,مخصص اهلاك  اثاث مخصص للتعليم,2,1,1121,صافي الموجودات الثابتة,صافي الموجودات الثابتة,5,,,,,,
202030010090,مخصص اهلاك  عدد والات تعليمية,مخصص اهلاك  عدد والات تعليمية,2,1,1121,صافي الموجودات الثابتة,صافي الموجودات الثابتة,5,,,,,,
202030010100,مخصص اهلاك  أجهزة كهربائية,مخصص اهلاك  أجهزة كهربائية,2,1,1121,صافي الموجودات الثابتة,صافي الموجودات الثابتة,5,,,,,,
202030010110,مخصص اهلاك اجهزة تكييف,مخصص اهلاك اجهزة تكييف,2,1,1121,صافي الموجودات الثابتة,صافي الموجودات الثابتة,5,,,,,,
202030010120,مخصص اهلاك ادوات ومعدات مكتبية,مخصص اهلاك ادوات ومعدات مكتبية,2,1,1121,صافي الموجودات الثابتة,صافي الموجودات الثابتة,5,,,,,,
202030010130,مخصص إهلاك أنظمة وبرامج,مخصص إهلاك أنظمة وبرامج,2,1,1121,صافي الموجودات الثابتة,صافي الموجودات الثابتة,5,,,,,,
202030010140,مخصص إهلاك المبانى,مخصص إهلاك المبانى,2,1,1121,صافي الموجودات الثابتة,صافي الموجودات الثابتة,5,,,,,,
202030010150,مخصص اهلاك معدات نظافة,مخصص اهلاك معدات نظافة,2,1,1121,صافي الموجودات الثابتة,صافي الموجودات الثابتة,5,,,,,,
202030020000,مخصص اهلاك الأصول الثابتة - سكن الموظفين,مخصص اهلاك الأصول الثابتة - سكن الموظفين,2,0,1121,صافي الموجودات الثابتة,صافي الموجودات الثابتة,4,,,,,,
202030020010,مخصص اهلاك اجهزة كهربائية -سكن الموظفين,مخصص اهلاك اجهزة كهربائية -سكن الموظفين,2,1,1121,صافي الموجودات الثابتة,صافي الموجودات الثابتة,5,,,,,,
202030020020,مخصص اهلاك اثاث ومفروشات -سكن الموظفين,مخصص اهلاك اثاث ومفروشات -سكن الموظفين,2,1,1121,صافي الموجودات الثابتة,صافي الموجودات الثابتة,5,,,,,,
202030020030,مخصص اهلاك اجهزة تكييف -سكن الموظفين,مخصص اهلاك اجهزة تكييف -سكن الموظفين,2,1,1121,صافي الموجودات الثابتة,صافي الموجودات الثابتة,5,,,,,,
202030030000,مخصص ديون مشكوك فى تحصيلها,مخصص ديون مشكوك فى تحصيلها,2,0,1113,إيرادات مستحقة,إيرادات مستحقة,4,,,,,,
202030030010,مخصص ديون مشكوك فى تحصيلها,مخصص ديون مشكوك فى تحصيلها,2,1,1113,إيرادات مستحقة,إيرادات مستحقة,5,,,,,,
202030040000,مخصص الزكاة,مخصص الزكاة,2,0,1213,مصروفات مستحقة وأرصدة دائنة أخرى,مصروفات مستحقة وأرصدة دائنة أخرى,4,,,,,,
202030040010,مخصص الزكاة,مخصص الزكاة,2,1,1213,مصروفات مستحقة وأرصدة دائنة أخرى,مصروفات مستحقة وأرصدة دائنة أخرى,5,,,,,,
202030050000,مخصص اطفاء مصاريف التأسيس,مخصص اطفاء مصاريف التأسيس,2,0,1213,مصروفات مستحقة وأرصدة دائنة أخرى,مصروفات مستحقة وأرصدة دائنة أخرى,4,,,,,,
202030050010,مخصص اطفاء مصاريف التأسيس,مخصص اطفاء مصاريف التأسيس,2,1,1213,مصروفات مستحقة وأرصدة دائنة أخرى,مصروفات مستحقة وأرصدة دائنة أخرى,5,,,,,,
202030050020,مخصص إطفاء مصروفات ايرادية مؤجلة,مخصص إطفاء مصروفات ايرادية مؤجلة,2,1,1213,مصروفات مستحقة وأرصدة دائنة أخرى,مصروفات مستحقة وأرصدة دائنة أخرى,5,,,,,,
202040000000,حسابات دائنة اخرى,حسابات دائنة اخرى,,0,1213,مصروفات مستحقة وأرصدة دائنة أخرى,مصروفات مستحقة وأرصدة دائنة أخرى,3,,,,,,
202040010000,حسابات دائنة اخرى,حسابات دائنة اخرى,2,0,1213,مصروفات مستحقة وأرصدة دائنة أخرى,مصروفات مستحقة وأرصدة دائنة أخرى,4,,,,,,
202040010010,حسابات دائنة اخرى,حسابات دائنة اخرى,2,1,1213,مصروفات مستحقة وأرصدة دائنة أخرى,مصروفات مستحقة وأرصدة دائنة أخرى,5,,,,,,
202040010060,تسهيلات اعتمادات مستندية ,تسهيلات اعتمادات مستندية ,2,1,1213,مصروفات مستحقة وأرصدة دائنة أخرى,مصروفات مستحقة وأرصدة دائنة أخرى,5,,,,,,
202040010070,مخصص مكافاة نهاية الخدمة,مخصص مكافاة نهاية الخدمة,2,1,1213,مصروفات مستحقة وأرصدة دائنة أخرى,مصروفات مستحقة وأرصدة دائنة أخرى,5,,,,,,
202040010080,قروض طوياة الاجل,قروض طوياة الاجل,2,1,1213,مصروفات مستحقة وأرصدة دائنة أخرى,مصروفات مستحقة وأرصدة دائنة أخرى,5,,,,,,
202040020000,ضريبة المخرجات,ضريبة المخرجات,2,0,1213,مصروفات مستحقة وأرصدة دائنة أخرى,مصروفات مستحقة وأرصدة دائنة أخرى,4,,,,,,
202040020010,ضريبة المخرجات,ضريبة المخرجات,2,1,1213,مصروفات مستحقة وأرصدة دائنة أخرى,مصروفات مستحقة وأرصدة دائنة أخرى,5,,,,,,
202040030000,حساب تسوية ضريبة القيمة المضافة,حساب تسوية ضريبة القيمة المضافة,2,0,1213,مصروفات مستحقة وأرصدة دائنة أخرى,مصروفات مستحقة وأرصدة دائنة أخرى,4,,,,,,
202040030010,حساب تسوية ضريبة القيمة المضافة,حساب تسوية ضريبة القيمة المضافة,2,1,1213,مصروفات مستحقة وأرصدة دائنة أخرى,مصروفات مستحقة وأرصدة دائنة أخرى,5,,,,,,
300000000000,حقوق الملكية,حقوق الملكية,3,0,1233,الأرباح المبقاة,الأرباح المبقاة,1,,,,,,
301000000000,حقوق الملكية,حقوق الملكية,3,0,1233,الأرباح المبقاة,الأرباح المبقاة,2,,,,,,
301010000000,راس المال,راس المال,,0,1231,رأس المال,رأس المال,3,,,,,,
301010010000,راس المال,راس المال,3,0,1231,رأس المال,رأس المال,4,,,,,,
301010010010,راس المال ,راس المال ,3,1,1231,رأس المال,رأس المال,5,,,,,,
301010010020,راس المال الاضافى ,راس المال الاضافى ,3,1,1232,رأس مال إضافي,رأس مال إضافي,5,,,,,,
301010010030,جارى صاحب المؤسسة,جارى صاحب المؤسسة,3,1,1231,رأس المال,رأس المال,5,,,,,,
301020000000,ارباح وخسائر مرحلة,ارباح وخسائر مرحلة,,0,1233,الأرباح المبقاة,الأرباح المبقاة,3,,,,,,
301020010000,ارباح وخسائر مرحلة ,ارباح وخسائر مرحلة ,3,0,1233,الأرباح المبقاة,الأرباح المبقاة,4,,,,,,
301020010010,ارباح وخسائر مرحلة ,ارباح وخسائر مرحلة ,3,1,1233,الأرباح المبقاة,الأرباح المبقاة,5,,,,,,
301030000000,ارباح وخسائر  العام,ارباح وخسائر  العام,,0,1233,الأرباح المبقاة,الأرباح المبقاة,3,,,,,,
301030010000,ارباح وخسائر  العام,ارباح وخسائر  العام,3,0,1233,الأرباح المبقاة,الأرباح المبقاة,4,,,,,,
301030010010,ارباح وخسائر  العام,ارباح وخسائر  العام,3,1,1233,الأرباح المبقاة,الأرباح المبقاة,5,,,,,,
301040000000,ارباح وخسائر راسمالية,ارباح وخسائر راسمالية,,0,1233,الأرباح المبقاة,الأرباح المبقاة,3,,,,,,
301040010000,ارباح وخسائر راسمالية,ارباح وخسائر راسمالية,3,0,1233,الأرباح المبقاة,الأرباح المبقاة,4,,,,,,
301040010010,ارباح وخسائر راسمالية,ارباح وخسائر راسمالية,3,1,1233,الأرباح المبقاة,الأرباح المبقاة,5,,,,,,
301050000000,الاحتياطيات,الاحتياطيات,,0,1233,الأرباح المبقاة,الأرباح المبقاة,3,,,,,,
301050010000,الاحتياطيات,الاحتياطيات,3,0,1233,الأرباح المبقاة,الأرباح المبقاة,4,,,,,,
301050010010,احتياطى راسمالى ,احتياطى راسمالى ,3,1,1233,الأرباح المبقاة,الأرباح المبقاة,5,,,,,,
301050010020,احتياطى قانونى,احتياطى قانونى,3,1,1233,الأرباح المبقاة,الأرباح المبقاة,5,,,,,,
301050010030,احتياطيات اخري,احتياطيات اخري,3,1,1233,الأرباح المبقاة,الأرباح المبقاة,5,,,,,,
400000000000,المصروفات,المصروفات,4,0,1234,ارباح الفترة,ارباح الفترة,1,,,,,,
401000000000,المصروفات التشغيلية ,المصروفات التشغيلية ,4,0,1234,ارباح الفترة,ارباح الفترة,2,,,,,,
401010000000,تكاليف ومصروفات  العاملين      المباشرة,تكاليف ومصروفات  العاملين      المباشرة,,0,1234,ارباح الفترة,ارباح الفترة,3,,,,,,
401010010000,الرواتب والأجور,الرواتب والأجور,4,0,1234,ارباح الفترة,ارباح الفترة,4,,,,,,
401010010010,رواتب اساسية     ,رواتب اساسية     ,4,1,1234,ارباح الفترة,ارباح الفترة,5,,,,,,
401010010020,أجور اضافية     ,أجور اضافية     ,4,1,1234,ارباح الفترة,ارباح الفترة,5,,,,,,
401010010040,بدل طبيعة عمل- مناطق حرجة,بدل طبيعة عمل- مناطق حرجة,4,1,1234,ارباح الفترة,ارباح الفترة,5,,,,,,
401010020000,البدلات,البدلات,4,0,1234,ارباح الفترة,ارباح الفترة,4,,,,,,
401010020010,بدل سكن عاملين     ,بدل سكن عاملين     ,4,1,1234,ارباح الفترة,ارباح الفترة,5,,,,,,
401010020020,بدل انتقال,بدل انتقال,4,1,1234,ارباح الفترة,ارباح الفترة,5,,,,,,
401010020030,بدل اتصال ,بدل اتصال ,4,1,1234,ارباح الفترة,ارباح الفترة,5,,,,,,
401010020040,بدل تغذية واعاشة     ,بدل تغذية واعاشة     ,4,1,1234,ارباح الفترة,ارباح الفترة,5,,,,,,
401010020050,بدل خزينة      ,بدل خزينة      ,4,1,1234,ارباح الفترة,ارباح الفترة,5,,,,,,
401010020060,بدل استدعاء,بدل استدعاء,4,1,1234,ارباح الفترة,ارباح الفترة,5,,,,,,
401010020070,بدل استخدام سيارة ,بدل استخدام سيارة ,4,1,1234,ارباح الفترة,ارباح الفترة,5,,,,,,
401010020080,مصروفات علاجات موظفين    ,مصروفات علاجات موظفين    ,4,1,1234,ارباح الفترة,ارباح الفترة,5,,,,,,
401010030010,مكافآت تشجيعية     - الحافز,مكافآت تشجيعية     - الحافز,4,1,1234,ارباح الفترة,ارباح الفترة,5,,,,,,
401010030020,المكافات و العمولات   ,المكافات و العمولات      ,4,1,1234,ارباح الفترة,ارباح الفترة,5,,,,,,
401010040000,التأمينات الإجتماعية,التأمينات الإجتماعية,4,0,1234,ارباح الفترة,ارباح الفترة,4,,,,,,
401010040010,مصروفات تأمينات اجتماعية     ,مصروفات تأمينات اجتماعية     ,4,1,1234,ارباح الفترة,ارباح الفترة,5,,,,,,
401010050010,مصروفات جوازات وتأشيرات,مصروفات جوازات وتأشيرات,4,1,1234,ارباح الفترة,ارباح الفترة,5,,,,,,
401010060000,التوظيف والتدريب,التوظيف والتدريب,4,0,1234,ارباح الفترة,ارباح الفترة,4,,,,,,
401010060010,مصروفات تدريب     ,مصروفات تدريب     ,4,1,1234,ارباح الفترة,ارباح الفترة,5,,,,,,
401010060020,مصروفات عمالة خارجية    ,مصروفات عمالة خارجية    ,4,1,1234,ارباح الفترة,ارباح الفترة,5,,,,,,
401010060030,مصروفات تدريب طلبة صندوق تنمية الموارد,مصروفات تدريب طلبة صندوق تنمية الموارد,4,1,1234,ارباح الفترة,ارباح الفترة,5,,,,,,
401010070000,الإجازات والسفر,الإجازات والسفر,4,0,1234,ارباح الفترة,ارباح الفترة,4,,,,,,
401010070010,تذاكر سفر      ,تذاكر سفر      ,4,1,1234,ارباح الفترة,ارباح الفترة,5,,,,,,
401010070020,بدل أجازات,بدل أجازات,4,1,1234,ارباح الفترة,ارباح الفترة,5,,,,,,
401010070030,مصروفات زي عاملين     ,مصروفات زي عاملين     ,4,1,1234,ارباح الفترة,ارباح الفترة,5,,,,,,
401010070040,مصروفات أخرى     ,مصروفات أخرى     ,4,1,1234,ارباح الفترة,ارباح الفترة,5,,,,,,
401010070050,رسوم مغادرة,رسوم مغادرة,4,1,1234,ارباح الفترة,ارباح الفترة,5,,,,,,
401010080000,مكافأة  نهاية الخدمة,مكافأة  نهاية الخدمة,4,0,1234,ارباح الفترة,ارباح الفترة,4,,,,,,
401010080010,مصروفات مكافأة نهاية الخدمة   ,مصروفات مكافأة نهاية الخدمة   ,4,1,1234,ارباح الفترة,ارباح الفترة,5,,,,,,
401020000000,تكلفة البضاعة المباعة,تكلفة البضاعة المباعة,,0,1234,ارباح الفترة,ارباح الفترة,3,,,,,,
401020010000,تكلفة البضاعة المباعة كتب ,تكلفة البضاعة المباعة كتب ,4,0,1234,ارباح الفترة,ارباح الفترة,4,,,,,,
401020020000,تكلفة البضاعة المباعة زي مدرسي,تكلفة البضاعة المباعة زي مدرسي,4,0,1234,ارباح الفترة,ارباح الفترة,4,,,,,,
401020030000,تكلفة البضاعة المباعة رحلات,تكلفة البضاعة المباعة رحلات,4,0,1234,ارباح الفترة,ارباح الفترة,4,,,,,,
401030000000,اهلاكات تشغيلية ,اهلاكات تشغيلية ,,0,1234,ارباح الفترة,ارباح الفترة,3,,,,,,
401030010000,اهلاكات تشغيلية ,اهلاكات تشغيلية ,4,0,1234,ارباح الفترة,ارباح الفترة,4,,,,,,
401030010010,مخصص اهلاك اثاث ومفروشات,مخصص اهلاك اثاث ومفروشات,4,1,1234,ارباح الفترة,ارباح الفترة,5,,,,,,
401030010020,مخصص اهلاك السيارات,مخصص اهلاك السيارات,4,1,1234,ارباح الفترة,ارباح الفترة,5,,,,,,
401030010030,مخصص اهلاك اجهزة الكترونية وكمبيوتر,مخصص اهلاك اجهزة الكترونية وكمبيوتر,4,1,1234,ارباح الفترة,ارباح الفترة,5,,,,,,
401030010040,مخصص اهلاك اجهزة حريق وكاميرات مراقبة,مخصص اهلاك اجهزة حريق وكاميرات مراقبة,4,1,1234,ارباح الفترة,ارباح الفترة,5,,,,,,
401030010050,مخصص اهلاك شبكة السنترال والهواتف,مخصص اهلاك شبكة السنترال والهواتف,4,1,1234,ارباح الفترة,ارباح الفترة,5,,,,,,
401030010060,مخصص اهلاك  تركيبات وديكورات,مخصص اهلاك  تركيبات وديكورات,4,1,1234,ارباح الفترة,ارباح الفترة,5,,,,,,
401030010070,مخصص اهلاك اجهزة تعليمية,مخصص اهلاك اجهزة تعليمية,4,1,1234,ارباح الفترة,ارباح الفترة,5,,,,,,
401030010080,مخصص اهلاك  اثاث  مخصص للتعليم,مخصص اهلاك  اثاث  مخصص للتعليم,4,1,1234,ارباح الفترة,ارباح الفترة,5,,,,,,
401030010090,مخصص اهلاك  عدد والات تعليمية,مخصص اهلاك  عدد والات تعليمية,4,1,1234,ارباح الفترة,ارباح الفترة,5,,,,,,
401030010100,مخصص اهلاك  أجهزة كهربائية,مخصص اهلاك  أجهزة كهربائية,4,1,1234,ارباح الفترة,ارباح الفترة,5,,,,,,
401030010110,مخصص اهلاك اجهزة تكييف,مخصص اهلاك اجهزة تكييف,4,1,1234,ارباح الفترة,ارباح الفترة,5,,,,,,
401030010120,مخصص اهلاك ادوات ومعدات مكتبية,مخصص اهلاك ادوات ومعدات مكتبية,4,1,1234,ارباح الفترة,ارباح الفترة,5,,,,,,
401030010130,مخصص إهلاك أنظمة وبرامج,مخصص إهلاك أنظمة وبرامج,4,1,1234,ارباح الفترة,ارباح الفترة,5,,,,,,
401030010140,مخصص إهلاك المبانى,مخصص إهلاك المبانى,4,1,1234,ارباح الفترة,ارباح الفترة,5,,,,,,
401030010150,مخصص اهلاك معدات نظافة,مخصص اهلاك معدات نظافة,4,1,1234,ارباح الفترة,ارباح الفترة,5,,,,,,
401030010160,مخصص اهلاك اجهزة كهربائية -سكن الموظفين,مخصص اهلاك اجهزة كهربائية -سكن الموظفين,4,1,1234,ارباح الفترة,ارباح الفترة,5,,,,,,
401030010170,مخصص اهلاك اثاث ومفروشات -سكن الموظفين,مخصص اهلاك اثاث ومفروشات -سكن الموظفين,4,1,1234,ارباح الفترة,ارباح الفترة,5,,,,,,
401030010180,مخصص اهلاك اجهزة تكييف -سكن الموظفين,مخصص اهلاك اجهزة تكييف -سكن الموظفين,4,1,1234,ارباح الفترة,ارباح الفترة,5,,,,,,
401040000000,مصروفات الصيانة ,مصروفات الصيانة ,,0,1234,ارباح الفترة,ارباح الفترة,3,,,,,,
401040010000,عقود تشغيل وصيانة     ,عقود تشغيل وصيانة     ,4,0,1234,ارباح الفترة,ارباح الفترة,4,,,,,,
401040010010,صيانة اجهزة تعليمية,صيانة اجهزة تعليمية,4,1,1234,ارباح الفترة,ارباح الفترة,5,,,,,,
401040020000,اصلاح وصيانة ونظافة    ,اصلاح وصيانة ونظافة    ,4,0,1234,ارباح الفترة,ارباح الفترة,4,,,,,,
401040020010,مصروفات قطع غيار اجهزة تعليمية   ,مصروفات قطع غيار اجهزة تعليمية   ,4,1,1234,ارباح الفترة,ارباح الفترة,5,,,,,,
401050000000,مصروفات مباشرة اخرى,مصروفات مباشرة اخرى,,0,1234,ارباح الفترة,ارباح الفترة,3,,,,,,
401050010000,مصاريف ايجارات,مصاريف ايجارات,4,0,1234,ارباح الفترة,ارباح الفترة,4,,,,,,
401050010010,ايجارات مباني,ايجارات مباني,4,1,1234,ارباح الفترة,ارباح الفترة,5,,,,,,
401050020000,مصاريف سيارات,مصاريف سيارات,4,0,1234,ارباح الفترة,ارباح الفترة,4,,,,,,
401050020010,مصاريف سيارات ,مصاريف سيارات ,4,1,1234,ارباح الفترة,ارباح الفترة,5,,,,,,
401050030010,مصاريف تراخيص مزاولة المهنة,مصاريف تراخيص مزاولة المهنة,4,1,1234,ارباح الفترة,ارباح الفترة,5,,,,,,
401050030030,ادوية وعلاج,ادوية وعلاج,4,1,1234,ارباح الفترة,ارباح الفترة,5,,,,,,
401060000000,الخصم المسموح به,الخصم المسموح به,,0,1234,ارباح الفترة,ارباح الفترة,3,,,,,,
401060010000,الخصم المسموح به نقدى,الخصم المسموح به نقدى,4,0,1234,ارباح الفترة,ارباح الفترة,4,,,,,,
401060010010,خصم مسموح به 10 %,خصم مسموح به 10 %,4,1,1234,ارباح الفترة,ارباح الفترة,5,,,,,,
401060010020,خصم مسموح به 20 %,خصم مسموح به 20 %,4,1,1234,ارباح الفترة,ارباح الفترة,5,,,,,,
401060020000,الخصم المسموح به اجل,الخصم المسموح به اجل,4,0,1234,ارباح الفترة,ارباح الفترة,4,,,,,,
401060020010,NONE,NONE,4,1,1234,ارباح الفترة,ارباح الفترة,5,,,,,,
401060020020,NONE,NONE,4,1,1234,ارباح الفترة,ارباح الفترة,5,,,,,,
402000000000,المصروفات العمومية والادارية,المصروفات العمومية والادارية,4,0,1234,ارباح الفترة,ارباح الفترة,2,,,,,,
402010000000,تكاليف ومصروفات  العاملين الغير      المباشرة,تكاليف ومصروفات  العاملين الغير      المباشرة,,0,1234,ارباح الفترة,ارباح الفترة,3,,,,,,
402010010000,الرواتب والأجور,الرواتب والأجور,4,0,1234,ارباح الفترة,ارباح الفترة,4,,,,,,
402010010010,رواتب اساسية     ,رواتب اساسية     ,4,1,1234,ارباح الفترة,ارباح الفترة,5,,,,,,
402010010020,رواتب مؤقتة,رواتب مؤقتة,4,1,1234,ارباح الفترة,ارباح الفترة,5,,,,,,
402010010030,أجور اضافية     ,أجور اضافية     ,4,1,1234,ارباح الفترة,ارباح الفترة,5,,,,,,
402010020000,البدلات,البدلات,4,0,1234,ارباح الفترة,ارباح الفترة,4,,,,,,
402010020010,بدل سكن عاملين     ,بدل سكن عاملين     ,4,1,1234,ارباح الفترة,ارباح الفترة,5,,,,,,
402010020020,بدل انتقال,بدل انتقال,4,1,1234,ارباح الفترة,ارباح الفترة,5,,,,,,
402010020030,بدل اتصال ,بدل اتصال ,4,1,1234,ارباح الفترة,ارباح الفترة,5,,,,,,
402010020040,بدل تغذية واعاشة     ,بدل تغذية واعاشة     ,4,1,1234,ارباح الفترة,ارباح الفترة,5,,,,,,
402010020050,بدل خزينة      ,بدل خزينة      ,4,1,1234,ارباح الفترة,ارباح الفترة,5,,,,,,
402010020060,بدل استدعاء,بدل استدعاء,4,1,1234,ارباح الفترة,ارباح الفترة,5,,,,,,
402010020070,بدل استخدام سيارة ,بدل استخدام سيارة ,4,1,1234,ارباح الفترة,ارباح الفترة,5,,,,,,
402010020080,مصروفات علاجات موظفين    ,مصروفات علاجات موظفين    ,4,1,1234,ارباح الفترة,ارباح الفترة,5,,,,,,
402010030000,المكافآت والعمولات,المكافآت والعمولات,4,0,1234,ارباح الفترة,ارباح الفترة,4,,,,,,
402010030010,مكافآت تشجيعية     ,مكافآت تشجيعية     ,4,1,1234,ارباح الفترة,ارباح الفترة,5,,,,,,
402010040000,التأمينات الإجتماعية,التأمينات الإجتماعية,4,0,1234,ارباح الفترة,ارباح الفترة,4,,,,,,
402010050000,جوازات وتأشيرات     ,جوازات وتأشيرات     ,4,0,1234,ارباح الفترة,ارباح الفترة,4,,,,,,
402010050010,مصروفات جوازات وتأشيرات,مصروفات جوازات وتأشيرات,4,1,1234,ارباح الفترة,ارباح الفترة,5,,,,,,
402010060000,التوظيف والتدريب,التوظيف والتدريب,4,0,1234,ارباح الفترة,ارباح الفترة,4,,,,,,
402010060010,تدريب,تدريب,4,1,1234,ارباح الفترة,ارباح الفترة,5,,,,,,
402010060020,مكافاة تدريب,مكافاة تدريب,4,1,1234,ارباح الفترة,ارباح الفترة,5,,,,,,
402010060030,عمالة خارجية,عمالة خارجية,4,1,1234,ارباح الفترة,ارباح الفترة,5,,,,,,
402010060040,نسب غير محصلة,نسب غير محصلة,4,1,1234,ارباح الفترة,ارباح الفترة,5,,,,,,
402010060050,زى العاملين,زى العاملين,4,1,1234,ارباح الفترة,ارباح الفترة,5,,,,,,
402010060060,نسب و مكافاه ,نسب و مكافاه ,4,1,1234,ارباح الفترة,ارباح الفترة,5,,,,,,
402010070000,الإجازات والسفر,الإجازات والسفر,4,0,1234,ارباح الفترة,ارباح الفترة,4,,,,,,
402010070010,تذاكر سفر      ,تذاكر سفر      ,4,1,1234,ارباح الفترة,ارباح الفترة,5,,,,,,
402010070020,بدل أجازات,بدل أجازات,4,1,1234,ارباح الفترة,ارباح الفترة,5,,,,,,
402010070030,مصروفات زي عاملين     ,مصروفات زي عاملين     ,4,1,1234,ارباح الفترة,ارباح الفترة,5,,,,,,
402010070040,مصروفات أخرى     ,مصروفات أخرى     ,4,1,1234,ارباح الفترة,ارباح الفترة,5,,,,,,
402010070050,رسوم مغادرة,رسوم مغادرة,4,1,1234,ارباح الفترة,ارباح الفترة,5,,,,,,
402010080000,مكافأة  نهاية الخدمة,مكافأة  نهاية الخدمة,4,0,1234,ارباح الفترة,ارباح الفترة,4,,,,,,
402010080010,مصروفات مكافأة نهاية الخدمة   ,مصروفات مكافأة نهاية الخدمة   ,4,1,1234,ارباح الفترة,ارباح الفترة,5,,,,,,
402020000000,تكلفة البضاعة المباعة,تكلفة البضاعة المباعة,,0,1234,ارباح الفترة,ارباح الفترة,3,,,,,,
402020010000,تكلفة البضاعة المباعة ,تكلفة البضاعة المباعة ,4,0,1234,ارباح الفترة,ارباح الفترة,4,,,,,,
402020010010,تكاليف الزي الرياضي,تكاليف الزي الرياضي,4,1,1234,ارباح الفترة,ارباح الفترة,5,,,,,,
402020010020,تكاليف الزي المدرسي,تكاليف الزي المدرسي,4,1,1234,ارباح الفترة,ارباح الفترة,5,,,,,,
402020010030,تكاليف الكتب,تكاليف الكتب,4,1,1234,ارباح الفترة,ارباح الفترة,5,,,,,,
402020010040,تكاليف دورات المعلمين,تكاليف دورات المعلمين,4,1,1234,ارباح الفترة,ارباح الفترة,5,,,,,,
402020010050,تكاليف نادي الكراتيه,تكاليف نادي الكراتيه,4,1,1234,ارباح الفترة,ارباح الفترة,5,,,,,,
402020010060,تكاليف التقوية,تكاليف التقوية,4,1,1234,ارباح الفترة,ارباح الفترة,5,,,,,,
402020010070,تكاليف دورة اي سي دي ال icdl,تكاليف دورة اي سي دي ال icdl,4,1,1234,ارباح الفترة,ارباح الفترة,5,,,,,,
402020010080,تكاليف دورة لغة انجليزية,تكاليف دورة لغة انجليزية,4,1,1234,ارباح الفترة,ارباح الفترة,5,,,,,,
402020010090,تكاليف العلاج للطلاب,تكاليف العلاج للطلاب,4,1,1234,ارباح الفترة,ارباح الفترة,5,,,,,,
402020010100,تكاليف التغذية للطلاب,تكاليف التغذية للطلاب,4,1,1234,ارباح الفترة,ارباح الفترة,5,,,,,,
402020010110,تكاليف نادي السباحة,تكاليف نادي السباحة,4,1,1234,ارباح الفترة,ارباح الفترة,5,,,,,,
402020010120,تكاليف الدورة الانجليزية  معهد بارلتز,تكاليف الدورة الانجليزية  معهد بارلتز,4,1,1234,ارباح الفترة,ارباح الفترة,5,,,,,,
402020010130,تكاليف النادي الكمبيوتر,تكاليف النادي الكمبيوتر,4,1,1234,ارباح الفترة,ارباح الفترة,5,,,,,,
402030000000,مصروفات عمومية وإدارية     - اخرى,مصروفات عمومية وإدارية     - اخرى,,0,1234,ارباح الفترة,ارباح الفترة,3,,,,,,
402030010000,عقود تشغيل وصيانة     ,عقود تشغيل وصيانة     ,4,0,1234,ارباح الفترة,ارباح الفترة,4,,,,,,
402030010010,عقد نظافة      ,عقد نظافة      ,4,1,1234,ارباح الفترة,ارباح الفترة,5,,,,,,
402030010020,عقد مكافحة حشرات     ,عقد مكافحة حشرات     ,4,1,1234,ارباح الفترة,ارباح الفترة,5,,,,,,
402030010050,عقد خدمات أمنية     ,عقد خدمات أمنية     ,4,1,1234,ارباح الفترة,ارباح الفترة,5,,,,,,
402030010060,عقد صيانة مصاعد     ,عقد صيانة مصاعد     ,4,1,1234,ارباح الفترة,ارباح الفترة,5,,,,,,
402030010070,عقد صيانة مكيفات     ,عقد صيانة مكيفات     ,4,1,1234,ارباح الفترة,ارباح الفترة,5,,,,,,
402030010080,عقد صيانة مولدات كهربائية    ,عقد صيانة مولدات كهربائية    ,4,1,1234,ارباح الفترة,ارباح الفترة,5,,,,,,
402030010090,عقد صيانة أجهزة حاسب آلي    ,عقد صيانة أجهزة حاسب آلي    ,4,1,1234,ارباح الفترة,ارباح الفترة,5,,,,,,
402030010100,عقد صيانة معدات مكتبية    ,عقد صيانة معدات مكتبية    ,4,1,1234,ارباح الفترة,ارباح الفترة,5,,,,,,
402030010110,عقد صيانة مباني     ,عقد صيانة مباني     ,4,1,1234,ارباح الفترة,ارباح الفترة,5,,,,,,
402030010120,مصروفات صيانة,مصروفات صيانة,4,1,1234,ارباح الفترة,ارباح الفترة,5,,,,,,
402030010130,عقد تطوير برامج حاسب آلي,عقد تطوير برامج حاسب آلي,4,1,1234,ارباح الفترة,ارباح الفترة,5,,,,,,
402030010140,عقد صيانة كاميرات مراقبة,عقد صيانة كاميرات مراقبة,4,1,1234,ارباح الفترة,ارباح الفترة,5,,,,,,
402030010150,عقد نظام اطفاء الحريق,عقد نظام اطفاء الحريق,4,1,1234,ارباح الفترة,ارباح الفترة,5,,,,,,
402030010160,عقد صيانة السنترال,عقد صيانة السنترال,4,1,1234,ارباح الفترة,ارباح الفترة,5,,,,,,
402030010170,خدمات استشارية,خدمات استشارية,4,1,1234,ارباح الفترة,ارباح الفترة,5,,,,,,
402030020000,اصلاح وصيانة ونظافة    ,اصلاح وصيانة ونظافة    ,4,0,1234,ارباح الفترة,ارباح الفترة,4,,,,,,
402030020010,صيانة تجهيزات كفتريا     ,صيانة تجهيزات كفتريا     ,4,1,1234,ارباح الفترة,ارباح الفترة,5,,,,,,
402030020020,قطع غيار اجهزه كفتريا    ,قطع غيار اجهزه كفتريا    ,4,1,1234,ارباح الفترة,ارباح الفترة,5,,,,,,
402030020030,مصروفات صيانة حاسب آلي    ,مصروفات صيانة حاسب آلي    ,4,1,1234,ارباح الفترة,ارباح الفترة,5,,,,,,
402030020040,صيانة معدات مكتبية     ,صيانة معدات مكتبية     ,4,1,1234,ارباح الفترة,ارباح الفترة,5,,,,,,
402030020050,اصلاح وصيانة متنوعة    ,اصلاح وصيانة متنوعة    ,4,1,1234,ارباح الفترة,ارباح الفترة,5,,,,,,
402030020060,مصروفات صيانة مبانى    ,مصروفات صيانة مبانى    ,4,1,1234,ارباح الفترة,ارباح الفترة,5,,,,,,
402030020070,مصروفات صيانة اثاث     ,مصروفات صيانة اثاث     ,4,1,1234,ارباح الفترة,ارباح الفترة,5,,,,,,
402030020080,مصروفات تركيبات وديكور,مصروفات تركيبات وديكور,4,1,1234,ارباح الفترة,ارباح الفترة,5,,,,,,
402030030000,مصروفات سيارت     ,مصروفات سيارت     ,4,0,1234,ارباح الفترة,ارباح الفترة,4,,,,,,
402030030010,مصروفات سيارات - صيانة    ,مصروفات سيارات - صيانة    ,4,1,1234,ارباح الفترة,ارباح الفترة,5,,,,,,
402030030020,مصروفات سيارت - قطع غيار    ,مصروفات سيارت - قطع غيار    ,4,1,1234,ارباح الفترة,ارباح الفترة,5,,,,,,
402030030030,مصروفات سيارات - محروقات     ,مصروفات سيارات - محروقات     ,4,1,1234,ارباح الفترة,ارباح الفترة,5,,,,,,
402030030040,مصروفات سيارات - زيوت وتشحيم وغسيل     ,مصروفات سيارات - زيوت وتشحيم وغسيل     ,4,1,1234,ارباح الفترة,ارباح الفترة,5,,,,,,
402030030050,مصروفات سيارات - رخص واستمارات     ,مصروفات سيارات - رخص واستمارات     ,4,1,1234,ارباح الفترة,ارباح الفترة,5,,,,,,
402030030060,مصروفات سيارات - اخرى    ,مصروفات سيارات - اخرى    ,4,1,1234,ارباح الفترة,ارباح الفترة,5,,,,,,
402030030070,مصروفات ايجارسيارات,مصروفات ايجارسيارات,4,1,1234,ارباح الفترة,ارباح الفترة,5,,,,,,
402030040000,مصروفات تأمين     ,مصروفات تأمين     ,4,0,1234,ارباح الفترة,ارباح الفترة,4,,,,,,
402030040010,تأمين سيارات وحوادث    ,تأمين سيارات وحوادث    ,4,1,1234,ارباح الفترة,ارباح الفترة,5,,,,,,
402030040020,تأمين حريق      ,تأمين حريق      ,4,1,1234,ارباح الفترة,ارباح الفترة,5,,,,,,
402030040030,تأمين  وبضائع     ,تأمين  وبضائع     ,4,1,1234,ارباح الفترة,ارباح الفترة,5,,,,,,
402030040040,تأمين سرقة ونقل أموال وخيانة أمانة   ,تأمين سرقة ونقل أموال وخيانة أمانة   ,4,1,1234,ارباح الفترة,ارباح الفترة,5,,,,,,
402030040050,تأمين على الممتلكات     ,تأمين على الممتلكات     ,4,1,1234,ارباح الفترة,ارباح الفترة,5,,,,,,
402030040060,تأمين حياة      ,تأمين حياة      ,4,1,1234,ارباح الفترة,ارباح الفترة,5,,,,,,
402030040070,تامين أخطار مهنة,تامين أخطار مهنة,4,1,1234,ارباح الفترة,ارباح الفترة,5,,,,,,
402030040080,تامين صحى,تامين صحى,4,1,1234,ارباح الفترة,ارباح الفترة,5,,,,,,
402030050000,ايجارات      ,ايجارات      ,4,0,1234,ارباح الفترة,ارباح الفترة,4,,,,,,
402030050010,إيجارات,إيجارات,4,1,1234,ارباح الفترة,ارباح الفترة,5,,,,,,
402030050020,ايجارات مباني     ,ايجارات مباني     ,4,1,1234,ارباح الفترة,ارباح الفترة,5,,,,,,
402030050030,ايجارات مكاتب     ,ايجارات مكاتب     ,4,1,1234,ارباح الفترة,ارباح الفترة,5,,,,,,
402030050040,ايجارات أخرى     ,ايجارات أخرى     ,4,1,1234,ارباح الفترة,ارباح الفترة,5,,,,,,
402030060010,تذاكر سفر للعمل      ,تذاكر سفر للعمل      ,4,1,1234,ارباح الفترة,ارباح الفترة,5,,,,,,
402030060020,مصروفات بدل انتقال    ,مصروفات بدل انتقال    ,4,1,1234,ارباح الفترة,ارباح الفترة,5,,,,,,
402030060030,مصروفات بدل انتداب    ,مصروفات بدل انتداب    ,4,1,1234,ارباح الفترة,ارباح الفترة,5,,,,,,
402030060040,مصروفات سفر وانتقال اخرى    ,مصروفات سفر وانتقال اخرى    ,4,1,1234,ارباح الفترة,ارباح الفترة,5,,,,,,
402030070000,قرطاسية ومطبوعات     ,قرطاسية ومطبوعات     ,4,0,1234,ارباح الفترة,ارباح الفترة,4,,,,,,
402030070010,صحف ومجلات ,صحف ومجلات ,4,1,1234,ارباح الفترة,ارباح الفترة,5,,,,,,
402030070020,مطبوعات      ,مطبوعات      ,4,1,1234,ارباح الفترة,ارباح الفترة,5,,,,,,
402030080000,اتصالات      ,اتصالات      ,4,0,1234,ارباح الفترة,ارباح الفترة,4,,,,,,
402030080010,بريد      ,بريد      ,4,1,1234,ارباح الفترة,ارباح الفترة,5,,,,,,
402030080020,انترنت      ,انترنت      ,4,1,1234,ارباح الفترة,ارباح الفترة,5,,,,,,
402030080030,هاتف      ,هاتف      ,4,1,1234,ارباح الفترة,ارباح الفترة,5,,,,,,
402030080040,فاكس      ,فاكس      ,4,1,1234,ارباح الفترة,ارباح الفترة,5,,,,,,
402030090000,دعاية واعلان     ,دعاية واعلان     ,4,0,1234,ارباح الفترة,ارباح الفترة,4,,,,,,
402030090010,دعاية واعلان - اعلانات بالصحف     ,دعاية واعلان - اعلانات بالصحف     ,4,1,1234,ارباح الفترة,ارباح الفترة,5,,,,,,
402030090020,دعاية واعلان - لوحات اعلانية على الطرق    ,دعاية واعلان - لوحات اعلانية على الطرق    ,4,1,1234,ارباح الفترة,ارباح الفترة,5,,,,,,
402030090030,دعاية واعلان - كتالوجات      ,دعاية واعلان - كتالوجات      ,4,1,1234,ارباح الفترة,ارباح الفترة,5,,,,,,
402030090040,دعاية واعلان - هدايا دعاية واعلان    ,دعاية واعلان - هدايا دعاية واعلان    ,4,1,1234,ارباح الفترة,ارباح الفترة,5,,,,,,
402030090050,دعاية واعلان - متنوعه    ,دعاية واعلان - متنوعه    ,4,1,1234,ارباح الفترة,ارباح الفترة,5,,,,,,
402030100000,مصروفات بنكية     ,مصروفات بنكية     ,4,0,1234,ارباح الفترة,ارباح الفترة,4,,,,,,
402030100010,مصروفات بنكية ,مصروفات بنكية ,4,1,1234,ارباح الفترة,ارباح الفترة,5,,,,,,
402030100020,مصاريف بنكية - مصاريف فتح اعتمادات مستندية,مصاريف بنكية - مصاريف فتح اعتمادات مستندية,4,1,1234,ارباح الفترة,ارباح الفترة,5,,,,,,
402030100030,ماموريات عمل,ماموريات عمل,4,1,1234,ارباح الفترة,ارباح الفترة,5,,,,,,
402030110010,ضيافة واستقبال - اقامة بالفنادق     ,ضيافة واستقبال - اقامة بالفنادق     ,4,1,1234,ارباح الفترة,ارباح الفترة,5,,,,,,
402030110020,ضيافة واستقبال - حفلات      ,ضيافة واستقبال - حفلات      ,4,1,1234,ارباح الفترة,ارباح الفترة,5,,,,,,
402030110030,ضيافة واستقبال - مؤتمرات       وندوات ,ضيافة واستقبال - مؤتمرات       وندوات ,4,1,1234,ارباح الفترة,ارباح الفترة,5,,,,,,
402030120000,رسوم ومصروفات حكومية    ,رسوم ومصروفات حكومية    ,4,0,1234,ارباح الفترة,ارباح الفترة,4,,,,,,
402030120010,رسوم و اشتراكات ,رسوم و اشتراكات      ,4,1,1234,ارباح الفترة,ارباح الفترة,5,,,,,,
402030120020,رسوم و م. حكومية - رسوم تصديقات     ,رسوم و م. حكومية - رسوم تصديقات     ,4,1,1234,ارباح الفترة,ارباح الفترة,5,,,,,,
402030120030,رسوم و م. حكومية - اشتراكات فى هيئات محلية    ,رسوم و م. حكومية - اشتراكات فى هيئات محلية    ,4,1,1234,ارباح الفترة,ارباح الفترة,5,,,,,,
402030120040,رسوم و م. حكومية - رسوم وجمارك     ,رسوم و م. حكومية - رسوم وجمارك     ,4,1,1234,ارباح الفترة,ارباح الفترة,5,,,,,,
402030120050,رسوم و م. حكومية - رسوم مرافق     ,رسوم و م. حكومية - رسوم مرافق     ,4,1,1234,ارباح الفترة,ارباح الفترة,5,,,,,,
402030120060,رسوم و م. حكومية - رسوم تراخيص حاسب آلي,رسوم و م. حكومية - رسوم تراخيص حاسب آلي,4,1,1234,ارباح الفترة,ارباح الفترة,5,,,,,,
402030120070,مصاريف استقدام,مصاريف استقدام,4,1,1234,ارباح الفترة,ارباح الفترة,5,,,,,,
402030120080,مصاريف تحاليل رخص البلدية,مصاريف تحاليل رخص البلدية,4,1,1234,ارباح الفترة,ارباح الفترة,5,,,,,,
402030120090,تكاليف اطباء خارجيين,تكاليف اطباء خارجيين,4,1,1234,ارباح الفترة,ارباح الفترة,5,,,,,,
402030120100,وقود وزيوت,وقود وزيوت,4,1,1234,ارباح الفترة,ارباح الفترة,5,,,,,,
402030130000,رسوم وأتعاب استشارية  ,رسوم وأتعاب استشارية  ,4,0,1234,ارباح الفترة,ارباح الفترة,4,,,,,,
402030130010,مصاريف استشارات      قانونية,مصاريف استشارات      قانونية,4,1,1234,ارباح الفترة,ارباح الفترة,5,,,,,,
402030130020,رسوم واتعاب قضايا     ,رسوم واتعاب قضايا     ,4,1,1234,ارباح الفترة,ارباح الفترة,5,,,,,,
402030130030,رسوم غرامات تاخير     ,رسوم غرامات تاخير     ,4,1,1234,ارباح الفترة,ارباح الفترة,5,,,,,,
402030130040,تعويضات للغير - غرامات اطباء   ,تعويضات للغير - غرامات اطباء   ,4,1,1234,ارباح الفترة,ارباح الفترة,5,,,,,,
402030130050,غرامة مخالفة انظمة,غرامة مخالفة انظمة,4,1,1234,ارباح الفترة,ارباح الفترة,5,,,,,,
402030130060,تعويضات للغير - تسوية نزاعات قضائية,تعويضات للغير - تسوية نزاعات قضائية,4,1,1234,ارباح الفترة,ارباح الفترة,5,,,,,,
402030130070,اتعاب مراجعة حسابات    ,اتعاب مراجعة حسابات    ,4,1,1234,ارباح الفترة,ارباح الفترة,5,,,,,,
402030140000,كهرباء ومياه ومرافق    ,كهرباء ومياه ومرافق    ,4,0,1234,ارباح الفترة,ارباح الفترة,4,,,,,,
402030140010,مصروفات كهرباء     ,مصروفات كهرباء     ,4,1,1234,ارباح الفترة,ارباح الفترة,5,,,,,,
402030140020,مصروفات مياه     ,مصروفات مياه     ,4,1,1234,ارباح الفترة,ارباح الفترة,5,,,,,,
402030140030,مصروفات غاز     ,مصروفات غاز     ,4,1,1234,ارباح الفترة,ارباح الفترة,5,,,,,,
402030140040,مصروفات مجاري      ,مصروفات مجاري      ,4,1,1234,ارباح الفترة,ارباح الفترة,5,,,,,,
402030140050,مصروفات مرافق      ,مصروفات مرافق      ,4,1,1234,ارباح الفترة,ارباح الفترة,5,,,,,,
402030140060,مصروفات طرق,مصروفات طرق,4,1,1234,ارباح الفترة,ارباح الفترة,5,,,,,,
402030150000,زكاة وتبرعات     ,زكاة وتبرعات     ,4,0,1234,ارباح الفترة,ارباح الفترة,4,,,,,,
402030150010,تبرعات,تبرعات,4,1,1234,ارباح الفترة,ارباح الفترة,5,,,,,,
402030150020,زكاة أفراد وجهات أخرى    ,زكاة أفراد وجهات أخرى    ,4,1,1234,ارباح الفترة,ارباح الفترة,5,,,,,,
402030160000,نثرية ومتنوعة     ,نثرية ومتنوعة     ,4,0,1234,ارباح الفترة,ارباح الفترة,4,,,,,,
402030160010,هدايا      ,هدايا      ,4,1,1234,ارباح الفترة,ارباح الفترة,5,,,,,,
402030160020,اكراميات      ,اكراميات      ,4,1,1234,ارباح الفترة,ارباح الفترة,5,,,,,,
402030160030,مصروفات نثرية اخرى     ,مصروفات نثرية اخرى     ,4,1,1234,ارباح الفترة,ارباح الفترة,5,,,,,,
402030160040,ارباح وخسائر راسمالية,ارباح وخسائر راسمالية,4,1,1234,ارباح الفترة,ارباح الفترة,5,,,,,,
402040000000,اهلاكات عمومية وادراية  ,اهلاكات عمومية وادراية  ,,0,1234,ارباح الفترة,ارباح الفترة,3,,,,,,
402040010000,اهلاكات عمومية وادارية ,اهلاكات عمومية وادارية ,4,0,1234,ارباح الفترة,ارباح الفترة,4,,,,,,
402040010010,مصروف اهلاك اثاث ومفروشات,مصروف اهلاك اثاث ومفروشات,4,1,1234,ارباح الفترة,ارباح الفترة,5,,,,,,
402040010020,مصروف اهلاك السيارات,مصروف اهلاك السيارات,4,1,1234,ارباح الفترة,ارباح الفترة,5,,,,,,
402040010030,مصروف اهلاك اجهزة الكترونية وكمبيوتر,مصروف اهلاك اجهزة الكترونية وكمبيوتر,4,1,1234,ارباح الفترة,ارباح الفترة,5,,,,,,
402040010040,مصروف اهلاك اجهزة حريق وكاميرات مراقبة,مصروف اهلاك اجهزة حريق وكاميرات مراقبة,4,1,1234,ارباح الفترة,ارباح الفترة,5,,,,,,
402040010050,مصروف اهلاك شبكة السنترال والهواتف,مصروف اهلاك شبكة السنترال والهواتف,4,1,1234,ارباح الفترة,ارباح الفترة,5,,,,,,
402040010060,مصروف اهلاك  تركيبات وديكورات,مصروف اهلاك  تركيبات وديكورات,4,1,1234,ارباح الفترة,ارباح الفترة,5,,,,,,
402040010070,مصروف اهلاك  أجهزة كهربائية,مصروف اهلاك  أجهزة كهربائية,4,1,1234,ارباح الفترة,ارباح الفترة,5,,,,,,
402040010080,مصروف اهلاك اجهزة تكييف,مصروف اهلاك اجهزة تكييف,4,1,1234,ارباح الفترة,ارباح الفترة,5,,,,,,
402040010090,مصروف اهلاك عدد و الات و اجهزه تعليمية,مصروف اهلاك عدد و الات و اجهزه تعليمية,4,1,1234,ارباح الفترة,ارباح الفترة,5,,,,,,
402040010100,مصروف إهلاك أنظمة وبرامج,مصروف إهلاك أنظمة وبرامج,4,1,1234,ارباح الفترة,ارباح الفترة,5,,,,,,
402040010110,مصروف إهلاك المبانى,مصروف إهلاك المبانى,4,1,1234,ارباح الفترة,ارباح الفترة,5,,,,,,
402040010120,مصروف اهلاك معدات نظافة,مصروف اهلاك معدات نظافة,4,1,1234,ارباح الفترة,ارباح الفترة,5,,,,,,
402040010130,مصروف اهلاك اجهزة كهربائية -سكن الموظفين,مصروف اهلاك اجهزة كهربائية -سكن الموظفين,4,1,1234,ارباح الفترة,ارباح الفترة,5,,,,,,
402040010140,مصروف اهلاك اثاث ومفروشات -سكن الموظفين,مصروف اهلاك اثاث ومفروشات -سكن الموظفين,4,1,1234,ارباح الفترة,ارباح الفترة,5,,,,,,
402040010150,مصروف اهلاك اجهزة تكييف -سكن الموظفين,مصروف اهلاك اجهزة تكييف -سكن الموظفين,4,1,1234,ارباح الفترة,ارباح الفترة,5,,,,,,
402040010160,مصروف اهلاك اادوات ومعدات مكتبية,مصروف اهلاك اادوات ومعدات مكتبية,4,1,1234,ارباح الفترة,ارباح الفترة,5,,,,,,
402040020000,مصروفات المخصصات,مصروفات المخصصات,4,0,1234,ارباح الفترة,ارباح الفترة,4,,,,,,
402040020010,مصروفات ديون مشكوك فى تحصيلها,مصروفات ديون مشكوك فى تحصيلها,4,1,1234,ارباح الفترة,ارباح الفترة,5,,,,,,
402040020020,مصروف اطفاء مصاريف التاسيس ,مصروف اطفاء مصاريف التاسيس ,4,1,1234,ارباح الفترة,ارباح الفترة,5,,,,,,
402040020030,مصروف اطفاء مصروفات ايرادية مؤجلة,مصروف اطفاء مصروفات ايرادية مؤجلة,4,1,1234,ارباح الفترة,ارباح الفترة,5,,,,,,
500000000000,الايرادات,الايرادات,5,0,1234,ارباح الفترة,ارباح الفترة,1,,,,,,
501000000000,الايرادات التشغيلية,الايرادات التشغيلية,5,0,1234,ارباح الفترة,ارباح الفترة,2,,,,,,
501010000000,الايرادات العامة,الايرادات العامة,,0,1234,ارباح الفترة,ارباح الفترة,3,,,,,,
501010010000,رسوم ,رسوم ,5,0,1234,ارباح الفترة,ارباح الفترة,4,,,,,,
501010010010,رسوم التسجيل,رسوم التسجيل,5,1,1234,ارباح الفترة,ارباح الفترة,5,,,,,,
501010010020,رسوم دراسية,رسوم دراسية,5,1,1234,ارباح الفترة,ارباح الفترة,5,,,,,,
501010010030,رسوم مواصلات,رسوم مواصلات,5,1,1234,ارباح الفترة,ارباح الفترة,5,,,,,,
501010010040,رسوم ابناء عاملين,رسوم ابناء عاملين,5,1,1234,ارباح الفترة,ارباح الفترة,5,,,,,,
501010020000,مبيعات مستلزمات,مبيعات مستلزمات,5,0,1234,ارباح الفترة,ارباح الفترة,4,,,,,,
501010020010,ايرادات كتب وتطبيقات,ايرادات كتب وتطبيقات,5,1,1234,ارباح الفترة,ارباح الفترة,5,,,,,,
501010020020,ايرادات زي مدرسي,ايرادات زي مدرسي,5,1,1234,ارباح الفترة,ارباح الفترة,5,,,,,,
501010020030,ايرادات الزي الرياضي,ايرادات الزي الرياضي,5,1,1234,ارباح الفترة,ارباح الفترة,5,,,,,,
501020000000,الايرادات الخاصة,الايرادات الخاصة,,0,1234,ارباح الفترة,ارباح الفترة,3,,,,,,
501020010000,NONE,NONE,5,0,1234,ارباح الفترة,ارباح الفترة,4,,,,,,
501020010010,NONE,NONE,5,1,1234,ارباح الفترة,ارباح الفترة,5,,,,,,
501020020000,NONE,NONE,5,0,1234,ارباح الفترة,ارباح الفترة,4,,,,,,
502000000000,الإيرادات الأخرى,الإيرادات الأخرى,5,0,1234,ارباح الفترة,ارباح الفترة,2,,,,,,
502010000000,اعانات,اعانات,,0,1234,ارباح الفترة,ارباح الفترة,3,,,,,,
502010010000,اعانات حكومية,اعانات حكومية,5,0,1234,ارباح الفترة,ارباح الفترة,4,,,,,,
502010010010,اعانة وزارة التربية والتعليم,اعانة وزارة التربية والتعليم,5,1,1234,ارباح الفترة,ارباح الفترة,5,,,,,,
502010020000,تبرعات,تبرعات,5,0,1234,ارباح الفترة,ارباح الفترة,4,,,,,,
502010020010,تبرعات جمعية خيرية,تبرعات جمعية خيرية,5,1,1234,ارباح الفترة,ارباح الفترة,5,,,,,,
502020000000,ايرادات النشاطات,ايرادات النشاطات,,0,1234,ارباح الفترة,ارباح الفترة,3,,,,,,
502020010000,نشاطات عامة,نشاطات عامة,5,0,1234,ارباح الفترة,ارباح الفترة,4,,,,,,
502020010010,نشاطات عامة,نشاطات عامة,5,0,1234,ارباح الفترة,ارباح الفترة,5,,,,,,
502020010010,ايرادات النادي المدرسي,ايرادات النادي المدرسي,5,0,1234,ارباح الفترة,ارباح الفترة,5,,,,,,
502020010011,ايرادات الرحلات,ايرادات الرحلات,5,0,1234,ارباح الفترة,ارباح الفترة,5,,,,,,
502020010012,ايرادات دورة لغة انجليزية بيرلتز,ايرادات دورة لغة انجليزية بيرلتز,5,0,1234,ارباح الفترة,ارباح الفترة,5,,,,,,
502020010013,ايرادات دروس التقوية,ايرادات دروس التقوية,5,0,1234,ارباح الفترة,ارباح الفترة,5,,,,,,
502020010014,ايرادات كتب وتطبيقات,ايرادات كتب وتطبيقات,5,0,1234,ارباح الفترة,ارباح الفترة,5,,,,,,
502020010015,ايرادات النادي القراني,ايرادات النادي القراني,5,0,1234,ارباح الفترة,ارباح الفترة,5,,,,,,
502020010016,ايرادات نادي الكراتيه,ايرادات نادي الكراتيه,5,0,1234,ارباح الفترة,ارباح الفترة,5,,,,,,
502020010017,ايرادات دورة ICDL آي سي دي إلـ,ايرادات دورة ICDL آي سي دي إلـ,5,0,1234,ارباح الفترة,ارباح الفترة,5,,,,,,
502020010018,ايرادات النادي الإنجليزي,ايرادات النادي الإنجليزي,5,0,1234,ارباح الفترة,ارباح الفترة,5,,,,,,
502020010019,ايرادات دورات الكرة,ايرادات دورات الكرة,5,0,1234,ارباح الفترة,ارباح الفترة,5,,,,,,
502020010020,ايرادات نادي الكمبيوتر,ايرادات نادي الكمبيوتر,5,0,1234,ارباح الفترة,ارباح الفترة,5,,,,,,
502020010021,ايرادات النادي الصيفي,ايرادات النادي الصيفي,5,0,1234,ارباح الفترة,ارباح الفترة,5,,,,,,
